{"cameraMode":{"drawMode":0,"name":"Shaded","section":"Shading Mode"},"sceneLighting":false,"audioPlay":false,"sceneViewState":{"m_AlwaysRefresh":false,"showFog":true,"showSkybox":false,"showFlares":true,"showImageEffects":true,"showParticleSystems":true,"showVisualEffectGraphs":true,"m_FxEnabled":true},"in2DMode":false,"pivot":{"x":10.281901359558106,"y":-1.5465317964553834,"z":-0.07105042040348053},"rotation":{"x":-0.016499152407050134,"y":-0.0029995141085237266,"z":-0.000049355752707924694,"w":0.9998630285263062},"size":11.275732040405274,"orthographic":true}